sample_id,plating_replicate_id,target_bacterium,contamination_status,plated_volume_mL,dilution_exponent,dilution_label,colony_count,plating_qualifier,calculated_cfu_mL,log10_cfu_mL
EC_001,1,Escherichia coli,1,0.1,4,10^-4,74,Contável,7400000.0,6.8692
EC_001,2,Escherichia coli,1,0.1,4,10^-4,73,Contável,7300000.0,6.8633
EC_001,3,Escherichia coli,1,0.1,4,10^-4,68,Contável,6800000.0,6.8325
EC_002,1,Escherichia coli,1,0.1,4,10^-4,48,Contável,4800000.0,6.6812
EC_002,2,Escherichia coli,1,0.1,4,10^-4,41,Contável,4100000.0,6.6128
EC_002,3,Escherichia coli,1,0.1,4,10^-4,43,Contável,4300000.0,6.6335
EC_003,1,Escherichia coli,1,0.1,3,10^-3,217,Contável,2170000.0,6.3365
EC_003,2,Escherichia coli,1,0.1,3,10^-3,199,Contável,1990000.0,6.2989
EC_003,3,Escherichia coli,1,0.1,3,10^-3,229,Contável,2290000.0,6.3598
EC_004,1,Escherichia coli,0,0.1,0,10^-0,0,Sem crescimento,0.0,
EC_004,2,Escherichia coli,0,0.1,0,10^-0,0,Sem crescimento,0.0,
EC_004,3,Escherichia coli,0,0.1,0,10^-0,1,Colônias ocasionais,10.0,1.0
EC_005,1,Escherichia coli,1,0.1,1,10^-1,25,Abaixo da faixa contável,2500.0,3.3979
EC_005,2,Escherichia coli,1,0.1,1,10^-1,42,Contável,4200.0,3.6232
EC_005,3,Escherichia coli,1,0.1,1,10^-1,43,Contável,4300.0,3.6335
EC_006,1,Escherichia coli,1,0.1,3,10^-3,72,Contável,720000.0,5.8573
EC_006,2,Escherichia coli,1,0.1,3,10^-3,54,Contável,540000.0,5.7324
EC_006,3,Escherichia coli,1,0.1,3,10^-3,38,Contável,380000.0,5.5798
EC_007,1,Escherichia coli,1,0.1,1,10^-1,150,Contável,15000.0,4.1761
EC_007,2,Escherichia coli,1,0.1,1,10^-1,134,Contável,13400.0,4.1271
EC_007,3,Escherichia coli,1,0.1,1,10^-1,171,Contável,17100.0,4.233
EC_008,1,Escherichia coli,0,0.1,0,10^-0,0,Sem crescimento,0.0,
EC_008,2,Escherichia coli,0,0.1,0,10^-0,0,Sem crescimento,0.0,
EC_008,3,Escherichia coli,0,0.1,0,10^-0,0,Sem crescimento,0.0,
EC_009,1,Escherichia coli,1,0.1,2,10^-2,317,Acima da faixa contável,317000.0,5.5011
EC_009,2,Escherichia coli,1,0.1,2,10^-2,319,Acima da faixa contável,319000.0,5.5038
EC_009,3,Escherichia coli,1,0.1,2,10^-2,297,Contável,297000.0,5.4728
EC_010,1,Escherichia coli,1,0.1,4,10^-4,61,Contável,6100000.0,6.7853
EC_010,2,Escherichia coli,1,0.1,4,10^-4,60,Contável,6000000.0,6.7782
EC_010,3,Escherichia coli,1,0.1,4,10^-4,76,Contável,7600000.0,6.8808
EC_011,1,Escherichia coli,1,0.1,3,10^-3,238,Contável,2380000.0,6.3766
EC_011,2,Escherichia coli,1,0.1,3,10^-3,283,Contável,2830000.0,6.4518
EC_011,3,Escherichia coli,1,0.1,4,10^-4,27,Abaixo da faixa contável,2700000.0,6.4314
EC_012,1,Escherichia coli,1,0.1,2,10^-2,66,Contável,66000.0,4.8195
EC_012,2,Escherichia coli,1,0.1,2,10^-2,90,Contável,90000.0,4.9542
EC_012,3,Escherichia coli,1,0.1,2,10^-2,66,Contável,66000.0,4.8195
EC_013,1,Escherichia coli,0,0.1,0,10^-0,0,Sem crescimento,0.0,
EC_013,2,Escherichia coli,0,0.1,0,10^-0,0,Sem crescimento,0.0,
EC_013,3,Escherichia coli,0,0.1,0,10^-0,0,Sem crescimento,0.0,
EC_014,1,Escherichia coli,1,0.1,1,10^-1,149,Contável,14900.0,4.1732
EC_014,2,Escherichia coli,1,0.1,1,10^-1,124,Contável,12400.0,4.0934
EC_014,3,Escherichia coli,1,0.1,1,10^-1,142,Contável,14200.0,4.1523
EC_015,1,Escherichia coli,1,0.1,4,10^-4,48,Contável,4800000.0,6.6812
EC_015,2,Escherichia coli,1,0.1,4,10^-4,48,Contável,4800000.0,6.6812
EC_015,3,Escherichia coli,1,0.1,4,10^-4,59,Contável,5900000.0,6.7709
EC_016,1,Escherichia coli,1,0.1,1,10^-1,197,Contável,19700.0,4.2945
EC_016,2,Escherichia coli,1,0.1,1,10^-1,181,Contável,18100.0,4.2577
EC_016,3,Escherichia coli,1,0.1,1,10^-1,175,Contável,17500.0,4.243
EC_017,1,Escherichia coli,1,0.1,0,10^-0,298,Contável,2980.0,3.4742
EC_017,2,Escherichia coli,1,0.1,1,10^-1,35,Contável,3500.0,3.5441
EC_017,3,Escherichia coli,1,0.1,1,10^-1,32,Contável,3200.0,3.5051
EC_018,1,Escherichia coli,1,0.1,1,10^-1,150,Contável,15000.0,4.1761
EC_018,2,Escherichia coli,1,0.1,1,10^-1,127,Contável,12700.0,4.1038
EC_018,3,Escherichia coli,1,0.1,1,10^-1,137,Contável,13700.0,4.1367
EC_019,1,Escherichia coli,1,0.1,1,10^-1,122,Contável,12200.0,4.0864
EC_019,2,Escherichia coli,1,0.1,1,10^-1,117,Contável,11700.0,4.0682
EC_019,3,Escherichia coli,1,0.1,1,10^-1,128,Contável,12800.0,4.1072
EC_020,1,Escherichia coli,1,0.1,4,10^-4,76,Contável,7600000.0,6.8808
EC_020,2,Escherichia coli,1,0.1,4,10^-4,64,Contável,6400000.0,6.8062
EC_020,3,Escherichia coli,1,0.1,4,10^-4,87,Contável,8700000.0,6.9395
EC_021,1,Escherichia coli,1,0.1,4,10^-4,202,Contável,20200000.0,7.3054
EC_021,2,Escherichia coli,1,0.1,4,10^-4,176,Contável,17600000.0,7.2455
EC_021,3,Escherichia coli,1,0.1,4,10^-4,167,Contável,16700000.0,7.2227
EC_022,1,Escherichia coli,0,0.1,0,10^-0,0,Sem crescimento,0.0,
EC_022,2,Escherichia coli,0,0.1,0,10^-0,0,Sem crescimento,0.0,
EC_022,3,Escherichia coli,0,0.1,0,10^-0,1,Colônias ocasionais,10.0,1.0
EC_023,1,Escherichia coli,1,0.1,1,10^-1,51,Contável,5100.0,3.7076
EC_023,2,Escherichia coli,1,0.1,1,10^-1,51,Contável,5100.0,3.7076
EC_023,3,Escherichia coli,1,0.1,1,10^-1,47,Contável,4700.0,3.6721
EC_024,1,Escherichia coli,0,0.1,0,10^-0,0,Sem crescimento,0.0,
EC_024,2,Escherichia coli,0,0.1,0,10^-0,0,Sem crescimento,0.0,
EC_024,3,Escherichia coli,0,0.1,0,10^-0,0,Sem crescimento,0.0,
EC_025,1,Escherichia coli,1,0.1,3,10^-3,67,Contável,670000.0,5.8261
EC_025,2,Escherichia coli,1,0.1,3,10^-3,53,Contável,530000.0,5.7243
EC_025,3,Escherichia coli,1,0.1,3,10^-3,71,Contável,710000.0,5.8513
EC_026,1,Escherichia coli,1,0.1,3,10^-3,145,Contável,1450000.0,6.1614
EC_026,2,Escherichia coli,1,0.1,3,10^-3,160,Contável,1600000.0,6.2041
EC_026,3,Escherichia coli,1,0.1,3,10^-3,154,Contável,1540000.0,6.1875
EC_027,1,Escherichia coli,1,0.1,3,10^-3,54,Contável,540000.0,5.7324
EC_027,2,Escherichia coli,1,0.1,3,10^-3,52,Contável,520000.0,5.716
EC_027,3,Escherichia coli,1,0.1,3,10^-3,44,Contável,440000.0,5.6435
EC_028,1,Escherichia coli,1,0.1,4,10^-4,22,Abaixo da faixa contável,2200000.0,6.3424
EC_028,2,Escherichia coli,1,0.1,4,10^-4,24,Abaixo da faixa contável,2400000.0,6.3802
EC_028,3,Escherichia coli,1,0.1,3,10^-3,233,Contável,2330000.0,6.3674
EC_029,1,Escherichia coli,1,0.1,0,10^-0,62,Contável,620.0,2.7924
EC_029,2,Escherichia coli,1,0.1,0,10^-0,47,Contável,470.0,2.6721
EC_029,3,Escherichia coli,1,0.1,0,10^-0,70,Contável,700.0,2.8451
EC_030,1,Escherichia coli,1,0.1,0,10^-0,42,Contável,420.0,2.6232
EC_030,2,Escherichia coli,1,0.1,0,10^-0,49,Contável,490.0,2.6902
EC_030,3,Escherichia coli,1,0.1,0,10^-0,41,Contável,410.0,2.6128
EC_031,1,Escherichia coli,1,0.1,3,10^-3,371,Acima da faixa contável,3710000.0,6.5694
EC_031,2,Escherichia coli,1,0.1,4,10^-4,36,Contável,3600000.0,6.5563
EC_031,3,Escherichia coli,1,0.1,3,10^-3,362,Acima da faixa contável,3620000.0,6.5587
EC_032,1,Escherichia coli,1,0.1,1,10^-1,174,Contável,17400.0,4.2405
EC_032,2,Escherichia coli,1,0.1,1,10^-1,143,Contável,14300.0,4.1553
EC_032,3,Escherichia coli,1,0.1,1,10^-1,171,Contável,17100.0,4.233
EC_033,1,Escherichia coli,1,0.1,4,10^-4,192,Contável,19200000.0,7.2833
EC_033,2,Escherichia coli,1,0.1,4,10^-4,176,Contável,17600000.0,7.2455
EC_033,3,Escherichia coli,1,0.1,4,10^-4,199,Contável,19900000.0,7.2989
EC_034,1,Escherichia coli,1,0.1,1,10^-1,77,Contável,7700.0,3.8865
EC_034,2,Escherichia coli,1,0.1,1,10^-1,75,Contável,7500.0,3.8751
EC_034,3,Escherichia coli,1,0.1,1,10^-1,88,Contável,8800.0,3.9445
EC_035,1,Escherichia coli,1,0.1,2,10^-2,129,Contável,129000.0,5.1106
EC_035,2,Escherichia coli,1,0.1,2,10^-2,120,Contável,120000.0,5.0792
EC_035,3,Escherichia coli,1,0.1,2,10^-2,128,Contável,128000.0,5.1072
EC_036,1,Escherichia coli,1,0.1,2,10^-2,147,Contável,147000.0,5.1673
EC_036,2,Escherichia coli,1,0.1,2,10^-2,148,Contável,148000.0,5.1703
EC_036,3,Escherichia coli,1,0.1,2,10^-2,184,Contável,184000.0,5.2648
EC_037,1,Escherichia coli,1,0.1,1,10^-1,43,Contável,4300.0,3.6335
EC_037,2,Escherichia coli,1,0.1,1,10^-1,27,Abaixo da faixa contável,2700.0,3.4314
EC_037,3,Escherichia coli,1,0.1,1,10^-1,34,Contável,3400.0,3.5315
EC_038,1,Escherichia coli,0,0.1,0,10^-0,0,Sem crescimento,0.0,
EC_038,2,Escherichia coli,0,0.1,0,10^-0,0,Sem crescimento,0.0,
EC_038,3,Escherichia coli,0,0.1,0,10^-0,1,Colônias ocasionais,10.0,1.0
EC_039,1,Escherichia coli,0,0.1,0,10^-0,0,Sem crescimento,0.0,
EC_039,2,Escherichia coli,0,0.1,0,10^-0,0,Sem crescimento,0.0,
EC_039,3,Escherichia coli,0,0.1,0,10^-0,1,Colônias ocasionais,10.0,1.0
EC_040,1,Escherichia coli,1,0.1,2,10^-2,168,Contável,168000.0,5.2253
EC_040,2,Escherichia coli,1,0.1,2,10^-2,197,Contável,197000.0,5.2945
EC_040,3,Escherichia coli,1,0.1,2,10^-2,191,Contável,191000.0,5.281
EC_041,1,Escherichia coli,0,0.1,0,10^-0,0,Sem crescimento,0.0,
EC_041,2,Escherichia coli,0,0.1,0,10^-0,0,Sem crescimento,0.0,
EC_041,3,Escherichia coli,0,0.1,0,10^-0,0,Sem crescimento,0.0,
EC_042,1,Escherichia coli,1,0.1,4,10^-4,90,Contável,9000000.0,6.9542
EC_042,2,Escherichia coli,1,0.1,4,10^-4,96,Contável,9600000.0,6.9823
EC_042,3,Escherichia coli,1,0.1,4,10^-4,88,Contável,8800000.0,6.9445
EC_043,1,Escherichia coli,1,0.1,3,10^-3,166,Contável,1660000.0,6.2201
EC_043,2,Escherichia coli,1,0.1,3,10^-3,184,Contável,1840000.0,6.2648
EC_043,3,Escherichia coli,1,0.1,3,10^-3,191,Contável,1910000.0,6.281
EC_044,1,Escherichia coli,0,0.1,0,10^-0,0,Sem crescimento,0.0,
EC_044,2,Escherichia coli,0,0.1,0,10^-0,0,Sem crescimento,0.0,
EC_044,3,Escherichia coli,0,0.1,0,10^-0,0,Sem crescimento,0.0,
EC_045,1,Escherichia coli,0,0.1,0,10^-0,2,Colônias ocasionais,20.0,1.301
EC_045,2,Escherichia coli,0,0.1,0,10^-0,0,Sem crescimento,0.0,
EC_045,3,Escherichia coli,0,0.1,0,10^-0,0,Sem crescimento,0.0,
EC_046,1,Escherichia coli,1,0.1,1,10^-1,42,Contável,4200.0,3.6232
EC_046,2,Escherichia coli,1,0.1,1,10^-1,38,Contável,3800.0,3.5798
EC_046,3,Escherichia coli,1,0.1,1,10^-1,42,Contável,4200.0,3.6232
EC_047,1,Escherichia coli,0,0.1,0,10^-0,0,Sem crescimento,0.0,
EC_047,2,Escherichia coli,0,0.1,0,10^-0,0,Sem crescimento,0.0,
EC_047,3,Escherichia coli,0,0.1,0,10^-0,0,Sem crescimento,0.0,
EC_048,1,Escherichia coli,1,0.1,0,10^-0,213,Contável,2130.0,3.3284
EC_048,2,Escherichia coli,1,0.1,0,10^-0,210,Contável,2100.0,3.3222
EC_048,3,Escherichia coli,1,0.1,0,10^-0,208,Contável,2080.0,3.3181
EC_049,1,Escherichia coli,1,0.1,4,10^-4,133,Contável,13300000.0,7.1239
EC_049,2,Escherichia coli,1,0.1,4,10^-4,135,Contável,13500000.0,7.1303
EC_049,3,Escherichia coli,1,0.1,4,10^-4,157,Contável,15700000.0,7.1959
EC_050,1,Escherichia coli,1,0.1,4,10^-4,39,Contável,3900000.0,6.5911
EC_050,2,Escherichia coli,1,0.1,4,10^-4,55,Contável,5500000.0,6.7404
EC_050,3,Escherichia coli,1,0.1,3,10^-3,489,Acima da faixa contável,4890000.0,6.6893
EC_051,1,Escherichia coli,1,0.1,4,10^-4,188,Contável,18800000.0,7.2742
EC_051,2,Escherichia coli,1,0.1,4,10^-4,191,Contável,19100000.0,7.281
EC_051,3,Escherichia coli,1,0.1,4,10^-4,195,Contável,19500000.0,7.29
EC_052,1,Escherichia coli,1,0.1,2,10^-2,21,Abaixo da faixa contável,21000.0,4.3222
EC_052,2,Escherichia coli,1,0.1,1,10^-1,288,Contável,28800.0,4.4594
EC_052,3,Escherichia coli,1,0.1,1,10^-1,258,Contável,25800.0,4.4116
EC_053,1,Escherichia coli,0,0.1,0,10^-0,0,Sem crescimento,0.0,
EC_053,2,Escherichia coli,0,0.1,0,10^-0,0,Sem crescimento,0.0,
EC_053,3,Escherichia coli,0,0.1,0,10^-0,0,Sem crescimento,0.0,
EC_054,1,Escherichia coli,0,0.1,0,10^-0,0,Sem crescimento,0.0,
EC_054,2,Escherichia coli,0,0.1,0,10^-0,0,Sem crescimento,0.0,
EC_054,3,Escherichia coli,0,0.1,0,10^-0,0,Sem crescimento,0.0,
EC_055,1,Escherichia coli,0,0.1,0,10^-0,0,Sem crescimento,0.0,
EC_055,2,Escherichia coli,0,0.1,0,10^-0,1,Colônias ocasionais,10.0,1.0
EC_055,3,Escherichia coli,0,0.1,0,10^-0,0,Sem crescimento,0.0,
EC_056,1,Escherichia coli,1,0.1,1,10^-1,152,Contável,15200.0,4.1818
EC_056,2,Escherichia coli,1,0.1,1,10^-1,175,Contável,17500.0,4.243
EC_056,3,Escherichia coli,1,0.1,1,10^-1,171,Contável,17100.0,4.233
EC_057,1,Escherichia coli,1,0.1,1,10^-1,64,Contável,6400.0,3.8062
EC_057,2,Escherichia coli,1,0.1,1,10^-1,49,Contável,4900.0,3.6902
EC_057,3,Escherichia coli,1,0.1,1,10^-1,53,Contável,5300.0,3.7243
EC_058,1,Escherichia coli,0,0.1,0,10^-0,0,Sem crescimento,0.0,
EC_058,2,Escherichia coli,0,0.1,0,10^-0,0,Sem crescimento,0.0,
EC_058,3,Escherichia coli,0,0.1,0,10^-0,1,Colônias ocasionais,10.0,1.0
EC_059,1,Escherichia coli,1,0.1,0,10^-0,33,Contável,330.0,2.5185
EC_059,2,Escherichia coli,1,0.1,0,10^-0,47,Contável,470.0,2.6721
EC_059,3,Escherichia coli,1,0.1,0,10^-0,48,Contável,480.0,2.6812
EC_060,1,Escherichia coli,0,0.1,0,10^-0,0,Sem crescimento,0.0,
EC_060,2,Escherichia coli,0,0.1,0,10^-0,2,Colônias ocasionais,20.0,1.301
EC_060,3,Escherichia coli,0,0.1,0,10^-0,0,Sem crescimento,0.0,
EC_061,1,Escherichia coli,1,0.1,1,10^-1,167,Contável,16700.0,4.2227
EC_061,2,Escherichia coli,1,0.1,1,10^-1,195,Contável,19500.0,4.29
EC_061,3,Escherichia coli,1,0.1,1,10^-1,210,Contável,21000.0,4.3222
EC_062,1,Escherichia coli,0,0.1,0,10^-0,1,Colônias ocasionais,10.0,1.0
EC_062,2,Escherichia coli,0,0.1,0,10^-0,1,Colônias ocasionais,10.0,1.0
EC_062,3,Escherichia coli,0,0.1,0,10^-0,0,Sem crescimento,0.0,
EC_063,1,Escherichia coli,1,0.1,4,10^-4,83,Contável,8300000.0,6.9191
EC_063,2,Escherichia coli,1,0.1,4,10^-4,101,Contável,10100000.0,7.0043
EC_063,3,Escherichia coli,1,0.1,4,10^-4,100,Contável,10000000.0,7.0
EC_064,1,Escherichia coli,1,0.1,1,10^-1,89,Contável,8900.0,3.9494
EC_064,2,Escherichia coli,1,0.1,1,10^-1,92,Contável,9200.0,3.9638
EC_064,3,Escherichia coli,1,0.1,1,10^-1,87,Contável,8700.0,3.9395
EC_065,1,Escherichia coli,0,0.1,0,10^-0,0,Sem crescimento,0.0,
EC_065,2,Escherichia coli,0,0.1,0,10^-0,0,Sem crescimento,0.0,
EC_065,3,Escherichia coli,0,0.1,0,10^-0,0,Sem crescimento,0.0,
EC_066,1,Escherichia coli,0,0.1,0,10^-0,0,Sem crescimento,0.0,
EC_066,2,Escherichia coli,0,0.1,0,10^-0,0,Sem crescimento,0.0,
EC_066,3,Escherichia coli,0,0.1,0,10^-0,0,Sem crescimento,0.0,
EC_067,1,Escherichia coli,1,0.1,3,10^-3,187,Contável,1870000.0,6.2718
EC_067,2,Escherichia coli,1,0.1,3,10^-3,181,Contável,1810000.0,6.2577
EC_067,3,Escherichia coli,1,0.1,3,10^-3,179,Contável,1790000.0,6.2529
EC_068,1,Escherichia coli,1,0.1,3,10^-3,344,Acima da faixa contável,3440000.0,6.5366
EC_068,2,Escherichia coli,1,0.1,3,10^-3,329,Acima da faixa contável,3290000.0,6.5172
EC_068,3,Escherichia coli,1,0.1,4,10^-4,34,Contável,3400000.0,6.5315
EC_069,1,Escherichia coli,1,0.1,3,10^-3,158,Contável,1580000.0,6.1987
EC_069,2,Escherichia coli,1,0.1,3,10^-3,154,Contável,1540000.0,6.1875
EC_069,3,Escherichia coli,1,0.1,3,10^-3,144,Contável,1440000.0,6.1584
EC_070,1,Escherichia coli,1,0.1,1,10^-1,148,Contável,14800.0,4.1703
EC_070,2,Escherichia coli,1,0.1,1,10^-1,142,Contável,14200.0,4.1523
EC_070,3,Escherichia coli,1,0.1,1,10^-1,151,Contável,15100.0,4.179
EC_071,1,Escherichia coli,1,0.1,4,10^-4,83,Contável,8300000.0,6.9191
EC_071,2,Escherichia coli,1,0.1,4,10^-4,74,Contável,7400000.0,6.8692
EC_071,3,Escherichia coli,1,0.1,4,10^-4,84,Contável,8400000.0,6.9243
EC_072,1,Escherichia coli,0,0.1,0,10^-0,0,Sem crescimento,0.0,
EC_072,2,Escherichia coli,0,0.1,0,10^-0,0,Sem crescimento,0.0,
EC_072,3,Escherichia coli,0,0.1,0,10^-0,0,Sem crescimento,0.0,
EC_073,1,Escherichia coli,1,0.1,0,10^-0,213,Contável,2130.0,3.3284
EC_073,2,Escherichia coli,1,0.1,0,10^-0,212,Contável,2120.0,3.3263
EC_073,3,Escherichia coli,1,0.1,0,10^-0,203,Contável,2030.0,3.3075
EC_074,1,Escherichia coli,0,0.1,0,10^-0,0,Sem crescimento,0.0,
EC_074,2,Escherichia coli,0,0.1,0,10^-0,0,Sem crescimento,0.0,
EC_074,3,Escherichia coli,0,0.1,0,10^-0,0,Sem crescimento,0.0,
EC_075,1,Escherichia coli,1,0.1,4,10^-4,132,Contável,13200000.0,7.1206
EC_075,2,Escherichia coli,1,0.1,4,10^-4,129,Contável,12900000.0,7.1106
EC_075,3,Escherichia coli,1,0.1,4,10^-4,132,Contável,13200000.0,7.1206
EC_076,1,Escherichia coli,1,0.1,3,10^-3,59,Contável,590000.0,5.7709
EC_076,2,Escherichia coli,1,0.1,3,10^-3,66,Contável,660000.0,5.8195
EC_076,3,Escherichia coli,1,0.1,3,10^-3,58,Contável,580000.0,5.7634
EC_077,1,Escherichia coli,0,0.1,0,10^-0,0,Sem crescimento,0.0,
EC_077,2,Escherichia coli,0,0.1,0,10^-0,0,Sem crescimento,0.0,
EC_077,3,Escherichia coli,0,0.1,0,10^-0,0,Sem crescimento,0.0,
EC_078,1,Escherichia coli,1,0.1,2,10^-2,17,Abaixo da faixa contável,17000.0,4.2304
EC_078,2,Escherichia coli,1,0.1,2,10^-2,24,Abaixo da faixa contável,24000.0,4.3802
EC_078,3,Escherichia coli,1,0.1,1,10^-1,195,Contável,19500.0,4.29
EC_079,1,Escherichia coli,1,0.1,4,10^-4,63,Contável,6300000.0,6.7993
EC_079,2,Escherichia coli,1,0.1,4,10^-4,61,Contável,6100000.0,6.7853
EC_079,3,Escherichia coli,1,0.1,4,10^-4,49,Contável,4900000.0,6.6902
EC_080,1,Escherichia coli,1,0.1,0,10^-0,97,Contável,970.0,2.9868
EC_080,2,Escherichia coli,1,0.1,0,10^-0,105,Contável,1050.0,3.0212
EC_080,3,Escherichia coli,1,0.1,0,10^-0,134,Contável,1340.0,3.1271
EC_081,1,Escherichia coli,1,0.1,0,10^-0,90,Contável,900.0,2.9542
EC_081,2,Escherichia coli,1,0.1,0,10^-0,118,Contável,1180.0,3.0719
EC_081,3,Escherichia coli,1,0.1,0,10^-0,86,Contável,860.0,2.9345
EC_082,1,Escherichia coli,1,0.1,3,10^-3,253,Contável,2530000.0,6.4031
EC_082,2,Escherichia coli,1,0.1,3,10^-3,243,Contável,2430000.0,6.3856
EC_082,3,Escherichia coli,1,0.1,3,10^-3,281,Contável,2810000.0,6.4487
EC_083,1,Escherichia coli,1,0.1,0,10^-0,42,Contável,420.0,2.6232
EC_083,2,Escherichia coli,1,0.1,0,10^-0,51,Contável,510.0,2.7076
EC_083,3,Escherichia coli,1,0.1,0,10^-0,42,Contável,420.0,2.6232
EC_084,1,Escherichia coli,1,0.1,1,10^-1,15,Abaixo da faixa contável,1500.0,3.1761
EC_084,2,Escherichia coli,1,0.1,1,10^-1,29,Abaixo da faixa contável,2900.0,3.4624
EC_084,3,Escherichia coli,1,0.1,0,10^-0,294,Contável,2940.0,3.4683
EC_085,1,Escherichia coli,1,0.1,3,10^-3,78,Contável,780000.0,5.8921
EC_085,2,Escherichia coli,1,0.1,3,10^-3,56,Contável,560000.0,5.7482
EC_085,3,Escherichia coli,1,0.1,3,10^-3,53,Contável,530000.0,5.7243
EC_086,1,Escherichia coli,1,0.1,0,10^-0,103,Contável,1030.0,3.0128
EC_086,2,Escherichia coli,1,0.1,0,10^-0,102,Contável,1020.0,3.0086
EC_086,3,Escherichia coli,1,0.1,0,10^-0,64,Contável,640.0,2.8062
EC_087,1,Escherichia coli,0,0.1,0,10^-0,0,Sem crescimento,0.0,
EC_087,2,Escherichia coli,0,0.1,0,10^-0,0,Sem crescimento,0.0,
EC_087,3,Escherichia coli,0,0.1,0,10^-0,0,Sem crescimento,0.0,
EC_088,1,Escherichia coli,1,0.1,1,10^-1,33,Contável,3300.0,3.5185
EC_088,2,Escherichia coli,1,0.1,0,10^-0,445,Acima da faixa contável,4450.0,3.6484
EC_088,3,Escherichia coli,1,0.1,1,10^-1,43,Contável,4300.0,3.6335
EC_089,1,Escherichia coli,1,0.1,0,10^-0,129,Contável,1290.0,3.1106
EC_089,2,Escherichia coli,1,0.1,0,10^-0,122,Contável,1220.0,3.0864
EC_089,3,Escherichia coli,1,0.1,0,10^-0,133,Contável,1330.0,3.1239
EC_090,1,Escherichia coli,1,0.1,2,10^-2,71,Contável,71000.0,4.8513
EC_090,2,Escherichia coli,1,0.1,2,10^-2,73,Contável,73000.0,4.8633
EC_090,3,Escherichia coli,1,0.1,2,10^-2,75,Contável,75000.0,4.8751
EC_091,1,Escherichia coli,0,0.1,0,10^-0,0,Sem crescimento,0.0,
EC_091,2,Escherichia coli,0,0.1,0,10^-0,1,Colônias ocasionais,10.0,1.0
EC_091,3,Escherichia coli,0,0.1,0,10^-0,0,Sem crescimento,0.0,
EC_092,1,Escherichia coli,1,0.1,0,10^-0,21,Abaixo da faixa contável,210.0,2.3222
EC_092,2,Escherichia coli,1,0.1,0,10^-0,23,Abaixo da faixa contável,230.0,2.3617
EC_092,3,Escherichia coli,1,0.1,0,10^-0,26,Abaixo da faixa contável,260.0,2.415
EC_093,1,Escherichia coli,0,0.1,0,10^-0,0,Sem crescimento,0.0,
EC_093,2,Escherichia coli,0,0.1,0,10^-0,0,Sem crescimento,0.0,
EC_093,3,Escherichia coli,0,0.1,0,10^-0,1,Colônias ocasionais,10.0,1.0
EC_094,1,Escherichia coli,1,0.1,4,10^-4,220,Contável,22000000.0,7.3424
EC_094,2,Escherichia coli,1,0.1,4,10^-4,216,Contável,21600000.0,7.3345
EC_094,3,Escherichia coli,1,0.1,4,10^-4,225,Contável,22500000.0,7.3522
EC_095,1,Escherichia coli,1,0.1,2,10^-2,61,Contável,61000.0,4.7853
EC_095,2,Escherichia coli,1,0.1,2,10^-2,61,Contável,61000.0,4.7853
EC_095,3,Escherichia coli,1,0.1,2,10^-2,58,Contável,58000.0,4.7634
EC_096,1,Escherichia coli,1,0.1,2,10^-2,228,Contável,228000.0,5.3579
EC_096,2,Escherichia coli,1,0.1,2,10^-2,208,Contável,208000.0,5.3181
EC_096,3,Escherichia coli,1,0.1,2,10^-2,240,Contável,240000.0,5.3802
EC_097,1,Escherichia coli,1,0.1,1,10^-1,173,Contável,17300.0,4.238
EC_097,2,Escherichia coli,1,0.1,1,10^-1,187,Contável,18700.0,4.2718
EC_097,3,Escherichia coli,1,0.1,1,10^-1,207,Contável,20700.0,4.316
EC_098,1,Escherichia coli,1,0.1,1,10^-1,325,Acima da faixa contável,32500.0,4.5119
EC_098,2,Escherichia coli,1,0.1,1,10^-1,333,Acima da faixa contável,33300.0,4.5224
EC_098,3,Escherichia coli,1,0.1,1,10^-1,315,Acima da faixa contável,31500.0,4.4983
EC_099,1,Escherichia coli,1,0.1,2,10^-2,167,Contável,167000.0,5.2227
EC_099,2,Escherichia coli,1,0.1,2,10^-2,198,Contável,198000.0,5.2967
EC_099,3,Escherichia coli,1,0.1,2,10^-2,161,Contável,161000.0,5.2068
EC_100,1,Escherichia coli,1,0.1,4,10^-4,102,Contável,10200000.0,7.0086
EC_100,2,Escherichia coli,1,0.1,4,10^-4,85,Contável,8500000.0,6.9294
EC_100,3,Escherichia coli,1,0.1,4,10^-4,103,Contável,10300000.0,7.0128
SA_001,1,Staphylococcus aureus,1,0.1,2,10^-2,104,Contável,104000.0,5.017
SA_001,2,Staphylococcus aureus,1,0.1,2,10^-2,94,Contável,94000.0,4.9731
SA_001,3,Staphylococcus aureus,1,0.1,2,10^-2,96,Contável,96000.0,4.9823
SA_002,1,Staphylococcus aureus,1,0.1,2,10^-2,95,Contável,95000.0,4.9777
SA_002,2,Staphylococcus aureus,1,0.1,2,10^-2,109,Contável,109000.0,5.0374
SA_002,3,Staphylococcus aureus,1,0.1,2,10^-2,97,Contável,97000.0,4.9868
SA_003,1,Staphylococcus aureus,1,0.1,1,10^-1,34,Contável,3400.0,3.5315
SA_003,2,Staphylococcus aureus,1,0.1,1,10^-1,42,Contável,4200.0,3.6232
SA_003,3,Staphylococcus aureus,1,0.1,0,10^-0,397,Acima da faixa contável,3970.0,3.5988
SA_004,1,Staphylococcus aureus,0,0.1,0,10^-0,1,Colônias ocasionais,10.0,1.0
SA_004,2,Staphylococcus aureus,0,0.1,0,10^-0,1,Colônias ocasionais,10.0,1.0
SA_004,3,Staphylococcus aureus,0,0.1,0,10^-0,0,Sem crescimento,0.0,
SA_005,1,Staphylococcus aureus,1,0.1,2,10^-2,61,Contável,61000.0,4.7853
SA_005,2,Staphylococcus aureus,1,0.1,2,10^-2,55,Contável,55000.0,4.7404
SA_005,3,Staphylococcus aureus,1,0.1,2,10^-2,60,Contável,60000.0,4.7782
SA_006,1,Staphylococcus aureus,1,0.1,2,10^-2,39,Contável,39000.0,4.5911
SA_006,2,Staphylococcus aureus,1,0.1,1,10^-1,398,Acima da faixa contável,39800.0,4.5999
SA_006,3,Staphylococcus aureus,1,0.1,2,10^-2,42,Contável,42000.0,4.6232
SA_007,1,Staphylococcus aureus,1,0.1,3,10^-3,102,Contável,1020000.0,6.0086
SA_007,2,Staphylococcus aureus,1,0.1,3,10^-3,97,Contável,970000.0,5.9868
SA_007,3,Staphylococcus aureus,1,0.1,3,10^-3,93,Contável,930000.0,5.9685
SA_008,1,Staphylococcus aureus,0,0.1,0,10^-0,0,Sem crescimento,0.0,
SA_008,2,Staphylococcus aureus,0,0.1,0,10^-0,1,Colônias ocasionais,10.0,1.0
SA_008,3,Staphylococcus aureus,0,0.1,0,10^-0,1,Colônias ocasionais,10.0,1.0
SA_009,1,Staphylococcus aureus,1,0.1,1,10^-1,36,Contável,3600.0,3.5563
SA_009,2,Staphylococcus aureus,1,0.1,1,10^-1,41,Contável,4100.0,3.6128
SA_009,3,Staphylococcus aureus,1,0.1,1,10^-1,41,Contável,4100.0,3.6128
SA_010,1,Staphylococcus aureus,0,0.1,0,10^-0,0,Sem crescimento,0.0,
SA_010,2,Staphylococcus aureus,0,0.1,0,10^-0,0,Sem crescimento,0.0,
SA_010,3,Staphylococcus aureus,0,0.1,0,10^-0,1,Colônias ocasionais,10.0,1.0
SA_011,1,Staphylococcus aureus,1,0.1,3,10^-3,35,Contável,350000.0,5.5441
SA_011,2,Staphylococcus aureus,1,0.1,2,10^-2,338,Acima da faixa contável,338000.0,5.5289
SA_011,3,Staphylococcus aureus,1,0.1,3,10^-3,36,Contável,360000.0,5.5563
SA_012,1,Staphylococcus aureus,1,0.1,0,10^-0,27,Abaixo da faixa contável,270.0,2.4314
SA_012,2,Staphylococcus aureus,1,0.1,0,10^-0,23,Abaixo da faixa contável,230.0,2.3617
SA_012,3,Staphylococcus aureus,1,0.1,0,10^-0,24,Abaixo da faixa contável,240.0,2.3802
SA_013,1,Staphylococcus aureus,1,0.1,0,10^-0,50,Contável,500.0,2.699
SA_013,2,Staphylococcus aureus,1,0.1,0,10^-0,62,Contável,620.0,2.7924
SA_013,3,Staphylococcus aureus,1,0.1,0,10^-0,73,Contável,730.0,2.8633
SA_014,1,Staphylococcus aureus,1,0.1,3,10^-3,30,Contável,300000.0,5.4771
SA_014,2,Staphylococcus aureus,1,0.1,3,10^-3,22,Abaixo da faixa contável,220000.0,5.3424
SA_014,3,Staphylococcus aureus,1,0.1,2,10^-2,268,Contável,268000.0,5.4281
SA_015,1,Staphylococcus aureus,1,0.1,0,10^-0,11,Abaixo da faixa contável,110.0,2.0414
SA_015,2,Staphylococcus aureus,1,0.1,0,10^-0,33,Contável,330.0,2.5185
SA_015,3,Staphylococcus aureus,1,0.1,0,10^-0,20,Abaixo da faixa contável,200.0,2.301
SA_016,1,Staphylococcus aureus,0,0.1,0,10^-0,0,Sem crescimento,0.0,
SA_016,2,Staphylococcus aureus,0,0.1,0,10^-0,0,Sem crescimento,0.0,
SA_016,3,Staphylococcus aureus,0,0.1,0,10^-0,0,Sem crescimento,0.0,
SA_017,1,Staphylococcus aureus,1,0.1,3,10^-3,262,Contável,2620000.0,6.4183
SA_017,2,Staphylococcus aureus,1,0.1,3,10^-3,227,Contável,2270000.0,6.356
SA_017,3,Staphylococcus aureus,1,0.1,3,10^-3,294,Contável,2940000.0,6.4683
SA_018,1,Staphylococcus aureus,0,0.1,0,10^-0,0,Sem crescimento,0.0,
SA_018,2,Staphylococcus aureus,0,0.1,0,10^-0,0,Sem crescimento,0.0,
SA_018,3,Staphylococcus aureus,0,0.1,0,10^-0,1,Colônias ocasionais,10.0,1.0
SA_019,1,Staphylococcus aureus,1,0.1,2,10^-2,64,Contável,64000.0,4.8062
SA_019,2,Staphylococcus aureus,1,0.1,2,10^-2,63,Contável,63000.0,4.7993
SA_019,3,Staphylococcus aureus,1,0.1,2,10^-2,59,Contável,59000.0,4.7709
SA_020,1,Staphylococcus aureus,0,0.1,0,10^-0,1,Colônias ocasionais,10.0,1.0
SA_020,2,Staphylococcus aureus,0,0.1,0,10^-0,0,Sem crescimento,0.0,
SA_020,3,Staphylococcus aureus,0,0.1,0,10^-0,0,Sem crescimento,0.0,
SA_021,1,Staphylococcus aureus,0,0.1,0,10^-0,0,Sem crescimento,0.0,
SA_021,2,Staphylococcus aureus,0,0.1,0,10^-0,0,Sem crescimento,0.0,
SA_021,3,Staphylococcus aureus,0,0.1,0,10^-0,0,Sem crescimento,0.0,
SA_022,1,Staphylococcus aureus,0,0.1,0,10^-0,2,Colônias ocasionais,20.0,1.301
SA_022,2,Staphylococcus aureus,0,0.1,0,10^-0,2,Colônias ocasionais,20.0,1.301
SA_022,3,Staphylococcus aureus,0,0.1,0,10^-0,0,Sem crescimento,0.0,
SA_023,1,Staphylococcus aureus,1,0.1,4,10^-4,41,Contável,4100000.0,6.6128
SA_023,2,Staphylococcus aureus,1,0.1,3,10^-3,419,Acima da faixa contável,4190000.0,6.6222
SA_023,3,Staphylococcus aureus,1,0.1,3,10^-3,420,Acima da faixa contável,4200000.0,6.6232
SA_024,1,Staphylococcus aureus,0,0.1,0,10^-0,0,Sem crescimento,0.0,
SA_024,2,Staphylococcus aureus,0,0.1,0,10^-0,1,Colônias ocasionais,10.0,1.0
SA_024,3,Staphylococcus aureus,0,0.1,0,10^-0,0,Sem crescimento,0.0,
SA_025,1,Staphylococcus aureus,1,0.1,1,10^-1,398,Acima da faixa contável,39800.0,4.5999
SA_025,2,Staphylococcus aureus,1,0.1,2,10^-2,44,Contável,44000.0,4.6435
SA_025,3,Staphylococcus aureus,1,0.1,1,10^-1,396,Acima da faixa contável,39600.0,4.5977
SA_026,1,Staphylococcus aureus,1,0.1,1,10^-1,167,Contável,16700.0,4.2227
SA_026,2,Staphylococcus aureus,1,0.1,1,10^-1,172,Contável,17200.0,4.2355
SA_026,3,Staphylococcus aureus,1,0.1,1,10^-1,168,Contável,16800.0,4.2253
SA_027,1,Staphylococcus aureus,1,0.1,3,10^-3,127,Contável,1270000.0,6.1038
SA_027,2,Staphylococcus aureus,1,0.1,3,10^-3,131,Contável,1310000.0,6.1173
SA_027,3,Staphylococcus aureus,1,0.1,3,10^-3,139,Contável,1390000.0,6.143
SA_028,1,Staphylococcus aureus,1,0.1,0,10^-0,189,Contável,1890.0,3.2765
SA_028,2,Staphylococcus aureus,1,0.1,0,10^-0,180,Contável,1800.0,3.2553
SA_028,3,Staphylococcus aureus,1,0.1,0,10^-0,176,Contável,1760.0,3.2455
SA_029,1,Staphylococcus aureus,1,0.1,1,10^-1,170,Contável,17000.0,4.2304
SA_029,2,Staphylococcus aureus,1,0.1,1,10^-1,157,Contável,15700.0,4.1959
SA_029,3,Staphylococcus aureus,1,0.1,1,10^-1,156,Contável,15600.0,4.1931
SA_030,1,Staphylococcus aureus,0,0.1,0,10^-0,0,Sem crescimento,0.0,
SA_030,2,Staphylococcus aureus,0,0.1,0,10^-0,1,Colônias ocasionais,10.0,1.0
SA_030,3,Staphylococcus aureus,0,0.1,0,10^-0,1,Colônias ocasionais,10.0,1.0
SA_031,1,Staphylococcus aureus,1,0.1,4,10^-4,43,Contável,4300000.0,6.6335
SA_031,2,Staphylococcus aureus,1,0.1,4,10^-4,50,Contável,5000000.0,6.699
SA_031,3,Staphylococcus aureus,1,0.1,4,10^-4,51,Contável,5100000.0,6.7076
SA_032,1,Staphylococcus aureus,1,0.1,0,10^-0,31,Contável,310.0,2.4914
SA_032,2,Staphylococcus aureus,1,0.1,0,10^-0,26,Abaixo da faixa contável,260.0,2.415
SA_032,3,Staphylococcus aureus,1,0.1,0,10^-0,23,Abaixo da faixa contável,230.0,2.3617
SA_033,1,Staphylococcus aureus,1,0.1,0,10^-0,26,Abaixo da faixa contável,260.0,2.415
SA_033,2,Staphylococcus aureus,1,0.1,0,10^-0,29,Abaixo da faixa contável,290.0,2.4624
SA_033,3,Staphylococcus aureus,1,0.1,0,10^-0,28,Abaixo da faixa contável,280.0,2.4472
SA_034,1,Staphylococcus aureus,0,0.1,0,10^-0,1,Colônias ocasionais,10.0,1.0
SA_034,2,Staphylococcus aureus,0,0.1,0,10^-0,1,Colônias ocasionais,10.0,1.0
SA_034,3,Staphylococcus aureus,0,0.1,0,10^-0,0,Sem crescimento,0.0,
SA_035,1,Staphylococcus aureus,1,0.1,2,10^-2,71,Contável,71000.0,4.8513
SA_035,2,Staphylococcus aureus,1,0.1,2,10^-2,83,Contável,83000.0,4.9191
SA_035,3,Staphylococcus aureus,1,0.1,2,10^-2,77,Contável,77000.0,4.8865
SA_036,1,Staphylococcus aureus,1,0.1,3,10^-3,175,Contável,1750000.0,6.243
SA_036,2,Staphylococcus aureus,1,0.1,3,10^-3,156,Contável,1560000.0,6.1931
SA_036,3,Staphylococcus aureus,1,0.1,3,10^-3,157,Contável,1570000.0,6.1959
SA_037,1,Staphylococcus aureus,0,0.1,0,10^-0,0,Sem crescimento,0.0,
SA_037,2,Staphylococcus aureus,0,0.1,0,10^-0,0,Sem crescimento,0.0,
SA_037,3,Staphylococcus aureus,0,0.1,0,10^-0,1,Colônias ocasionais,10.0,1.0
SA_038,1,Staphylococcus aureus,1,0.1,2,10^-2,59,Contável,59000.0,4.7709
SA_038,2,Staphylococcus aureus,1,0.1,2,10^-2,51,Contável,51000.0,4.7076
SA_038,3,Staphylococcus aureus,1,0.1,2,10^-2,56,Contável,56000.0,4.7482
SA_039,1,Staphylococcus aureus,1,0.1,3,10^-3,36,Contável,360000.0,5.5563
SA_039,2,Staphylococcus aureus,1,0.1,3,10^-3,57,Contável,570000.0,5.7559
SA_039,3,Staphylococcus aureus,1,0.1,2,10^-2,454,Acima da faixa contável,454000.0,5.6571
SA_040,1,Staphylococcus aureus,1,0.1,5,10^-5,20,Abaixo da faixa contável,20000000.0,7.301
SA_040,2,Staphylococcus aureus,1,0.1,4,10^-4,234,Contável,23400000.0,7.3692
SA_040,3,Staphylococcus aureus,1,0.1,4,10^-4,254,Contável,25400000.0,7.4048
SA_041,1,Staphylococcus aureus,0,0.1,0,10^-0,0,Sem crescimento,0.0,
SA_041,2,Staphylococcus aureus,0,0.1,0,10^-0,0,Sem crescimento,0.0,
SA_041,3,Staphylococcus aureus,0,0.1,0,10^-0,0,Sem crescimento,0.0,
SA_042,1,Staphylococcus aureus,1,0.1,0,10^-0,205,Contável,2050.0,3.3118
SA_042,2,Staphylococcus aureus,1,0.1,0,10^-0,201,Contável,2010.0,3.3032
SA_042,3,Staphylococcus aureus,1,0.1,0,10^-0,179,Contável,1790.0,3.2529
SA_043,1,Staphylococcus aureus,1,0.1,0,10^-0,20,Abaixo da faixa contável,200.0,2.301
SA_043,2,Staphylococcus aureus,1,0.1,0,10^-0,18,Abaixo da faixa contável,180.0,2.2553
SA_043,3,Staphylococcus aureus,1,0.1,0,10^-0,26,Abaixo da faixa contável,260.0,2.415
SA_044,1,Staphylococcus aureus,1,0.1,4,10^-4,209,Contável,20900000.0,7.3201
SA_044,2,Staphylococcus aureus,1,0.1,4,10^-4,237,Contável,23700000.0,7.3747
SA_044,3,Staphylococcus aureus,1,0.1,4,10^-4,211,Contável,21100000.0,7.3243
SA_045,1,Staphylococcus aureus,1,0.1,2,10^-2,39,Contável,39000.0,4.5911
SA_045,2,Staphylococcus aureus,1,0.1,1,10^-1,341,Acima da faixa contável,34100.0,4.5328
SA_045,3,Staphylococcus aureus,1,0.1,2,10^-2,40,Contável,40000.0,4.6021
SA_046,1,Staphylococcus aureus,0,0.1,0,10^-0,0,Sem crescimento,0.0,
SA_046,2,Staphylococcus aureus,0,0.1,0,10^-0,0,Sem crescimento,0.0,
SA_046,3,Staphylococcus aureus,0,0.1,0,10^-0,1,Colônias ocasionais,10.0,1.0
SA_047,1,Staphylococcus aureus,0,0.1,0,10^-0,2,Colônias ocasionais,20.0,1.301
SA_047,2,Staphylococcus aureus,0,0.1,0,10^-0,0,Sem crescimento,0.0,
SA_047,3,Staphylococcus aureus,0,0.1,0,10^-0,0,Sem crescimento,0.0,
SA_048,1,Staphylococcus aureus,0,0.1,0,10^-0,0,Sem crescimento,0.0,
SA_048,2,Staphylococcus aureus,0,0.1,0,10^-0,0,Sem crescimento,0.0,
SA_048,3,Staphylococcus aureus,0,0.1,0,10^-0,0,Sem crescimento,0.0,
SA_049,1,Staphylococcus aureus,1,0.1,3,10^-3,163,Contável,1630000.0,6.2122
SA_049,2,Staphylococcus aureus,1,0.1,3,10^-3,172,Contável,1720000.0,6.2355
SA_049,3,Staphylococcus aureus,1,0.1,3,10^-3,153,Contável,1530000.0,6.1847
SA_050,1,Staphylococcus aureus,1,0.1,1,10^-1,50,Contável,5000.0,3.699
SA_050,2,Staphylococcus aureus,1,0.1,1,10^-1,57,Contável,5700.0,3.7559
SA_050,3,Staphylococcus aureus,1,0.1,1,10^-1,57,Contável,5700.0,3.7559
SA_051,1,Staphylococcus aureus,1,0.1,1,10^-1,312,Acima da faixa contável,31200.0,4.4942
SA_051,2,Staphylococcus aureus,1,0.1,1,10^-1,329,Acima da faixa contável,32900.0,4.5172
SA_051,3,Staphylococcus aureus,1,0.1,1,10^-1,304,Acima da faixa contável,30400.0,4.4829
SA_052,1,Staphylococcus aureus,1,0.1,3,10^-3,20,Abaixo da faixa contável,200000.0,5.301
SA_052,2,Staphylococcus aureus,1,0.1,2,10^-2,214,Contável,214000.0,5.3304
SA_052,3,Staphylococcus aureus,1,0.1,2,10^-2,220,Contável,220000.0,5.3424
SA_053,1,Staphylococcus aureus,1,0.1,0,10^-0,43,Contável,430.0,2.6335
SA_053,2,Staphylococcus aureus,1,0.1,0,10^-0,47,Contável,470.0,2.6721
SA_053,3,Staphylococcus aureus,1,0.1,0,10^-0,52,Contável,520.0,2.716
SA_054,1,Staphylococcus aureus,1,0.1,0,10^-0,17,Abaixo da faixa contável,170.0,2.2304
SA_054,2,Staphylococcus aureus,1,0.1,0,10^-0,24,Abaixo da faixa contável,240.0,2.3802
SA_054,3,Staphylococcus aureus,1,0.1,0,10^-0,30,Contável,300.0,2.4771
SA_055,1,Staphylococcus aureus,1,0.1,3,10^-3,177,Contável,1770000.0,6.248
SA_055,2,Staphylococcus aureus,1,0.1,3,10^-3,169,Contável,1690000.0,6.2279
SA_055,3,Staphylococcus aureus,1,0.1,3,10^-3,183,Contável,1830000.0,6.2625
SA_056,1,Staphylococcus aureus,1,0.1,4,10^-4,113,Contável,11300000.0,7.0531
SA_056,2,Staphylococcus aureus,1,0.1,4,10^-4,125,Contável,12500000.0,7.0969
SA_056,3,Staphylococcus aureus,1,0.1,4,10^-4,105,Contável,10500000.0,7.0212
SA_057,1,Staphylococcus aureus,0,0.1,0,10^-0,0,Sem crescimento,0.0,
SA_057,2,Staphylococcus aureus,0,0.1,0,10^-0,0,Sem crescimento,0.0,
SA_057,3,Staphylococcus aureus,0,0.1,0,10^-0,0,Sem crescimento,0.0,
SA_058,1,Staphylococcus aureus,1,0.1,0,10^-0,106,Contável,1060.0,3.0253
SA_058,2,Staphylococcus aureus,1,0.1,0,10^-0,125,Contável,1250.0,3.0969
SA_058,3,Staphylococcus aureus,1,0.1,0,10^-0,91,Contável,910.0,2.959
SA_059,1,Staphylococcus aureus,0,0.1,0,10^-0,1,Colônias ocasionais,10.0,1.0
SA_059,2,Staphylococcus aureus,0,0.1,0,10^-0,0,Sem crescimento,0.0,
SA_059,3,Staphylococcus aureus,0,0.1,0,10^-0,0,Sem crescimento,0.0,
SA_060,1,Staphylococcus aureus,1,0.1,0,10^-0,58,Contável,580.0,2.7634
SA_060,2,Staphylococcus aureus,1,0.1,0,10^-0,63,Contável,630.0,2.7993
SA_060,3,Staphylococcus aureus,1,0.1,0,10^-0,54,Contável,540.0,2.7324
SA_061,1,Staphylococcus aureus,1,0.1,2,10^-2,45,Contável,45000.0,4.6532
SA_061,2,Staphylococcus aureus,1,0.1,2,10^-2,40,Contável,40000.0,4.6021
SA_061,3,Staphylococcus aureus,1,0.1,1,10^-1,430,Acima da faixa contável,43000.0,4.6335
SA_062,1,Staphylococcus aureus,1,0.1,2,10^-2,91,Contável,91000.0,4.959
SA_062,2,Staphylococcus aureus,1,0.1,2,10^-2,111,Contável,111000.0,5.0453
SA_062,3,Staphylococcus aureus,1,0.1,2,10^-2,110,Contável,110000.0,5.0414
SA_063,1,Staphylococcus aureus,1,0.1,3,10^-3,72,Contável,720000.0,5.8573
SA_063,2,Staphylococcus aureus,1,0.1,3,10^-3,51,Contável,510000.0,5.7076
SA_063,3,Staphylococcus aureus,1,0.1,3,10^-3,67,Contável,670000.0,5.8261
SA_064,1,Staphylococcus aureus,1,0.1,1,10^-1,135,Contável,13500.0,4.1303
SA_064,2,Staphylococcus aureus,1,0.1,1,10^-1,162,Contável,16200.0,4.2095
SA_064,3,Staphylococcus aureus,1,0.1,1,10^-1,168,Contável,16800.0,4.2253
SA_065,1,Staphylococcus aureus,1,0.1,2,10^-2,352,Acima da faixa contável,352000.0,5.5465
SA_065,2,Staphylococcus aureus,1,0.1,3,10^-3,35,Contável,350000.0,5.5441
SA_065,3,Staphylococcus aureus,1,0.1,2,10^-2,354,Acima da faixa contável,354000.0,5.549
SA_066,1,Staphylococcus aureus,1,0.1,2,10^-2,115,Contável,115000.0,5.0607
SA_066,2,Staphylococcus aureus,1,0.1,2,10^-2,120,Contável,120000.0,5.0792
SA_066,3,Staphylococcus aureus,1,0.1,2,10^-2,98,Contável,98000.0,4.9912
SA_067,1,Staphylococcus aureus,1,0.1,0,10^-0,40,Contável,400.0,2.6021
SA_067,2,Staphylococcus aureus,1,0.1,0,10^-0,36,Contável,360.0,2.5563
SA_067,3,Staphylococcus aureus,1,0.1,0,10^-0,37,Contável,370.0,2.5682
SA_068,1,Staphylococcus aureus,1,0.1,1,10^-1,79,Contável,7900.0,3.8976
SA_068,2,Staphylococcus aureus,1,0.1,1,10^-1,67,Contável,6700.0,3.8261
SA_068,3,Staphylococcus aureus,1,0.1,1,10^-1,56,Contável,5600.0,3.7482
SA_069,1,Staphylococcus aureus,0,0.1,0,10^-0,0,Sem crescimento,0.0,
SA_069,2,Staphylococcus aureus,0,0.1,0,10^-0,0,Sem crescimento,0.0,
SA_069,3,Staphylococcus aureus,0,0.1,0,10^-0,1,Colônias ocasionais,10.0,1.0
SA_070,1,Staphylococcus aureus,1,0.1,2,10^-2,165,Contável,165000.0,5.2175
SA_070,2,Staphylococcus aureus,1,0.1,2,10^-2,184,Contável,184000.0,5.2648
SA_070,3,Staphylococcus aureus,1,0.1,2,10^-2,174,Contável,174000.0,5.2405
SA_071,1,Staphylococcus aureus,0,0.1,0,10^-0,0,Sem crescimento,0.0,
SA_071,2,Staphylococcus aureus,0,0.1,0,10^-0,0,Sem crescimento,0.0,
SA_071,3,Staphylococcus aureus,0,0.1,0,10^-0,1,Colônias ocasionais,10.0,1.0
SA_072,1,Staphylococcus aureus,1,0.1,4,10^-4,28,Abaixo da faixa contável,2800000.0,6.4472
SA_072,2,Staphylococcus aureus,1,0.1,3,10^-3,291,Contável,2910000.0,6.4639
SA_072,3,Staphylococcus aureus,1,0.1,4,10^-4,34,Contável,3400000.0,6.5315
SA_073,1,Staphylococcus aureus,1,0.1,2,10^-2,234,Contável,234000.0,5.3692
SA_073,2,Staphylococcus aureus,1,0.1,2,10^-2,250,Contável,250000.0,5.3979
SA_073,3,Staphylococcus aureus,1,0.1,2,10^-2,227,Contável,227000.0,5.356
SA_074,1,Staphylococcus aureus,0,0.1,0,10^-0,0,Sem crescimento,0.0,
SA_074,2,Staphylococcus aureus,0,0.1,0,10^-0,0,Sem crescimento,0.0,
SA_074,3,Staphylococcus aureus,0,0.1,0,10^-0,0,Sem crescimento,0.0,
SA_075,1,Staphylococcus aureus,1,0.1,0,10^-0,38,Contável,380.0,2.5798
SA_075,2,Staphylococcus aureus,1,0.1,0,10^-0,44,Contável,440.0,2.6435
SA_075,3,Staphylococcus aureus,1,0.1,0,10^-0,40,Contável,400.0,2.6021
SA_076,1,Staphylococcus aureus,0,0.1,0,10^-0,0,Sem crescimento,0.0,
SA_076,2,Staphylococcus aureus,0,0.1,0,10^-0,1,Colônias ocasionais,10.0,1.0
SA_076,3,Staphylococcus aureus,0,0.1,0,10^-0,2,Colônias ocasionais,20.0,1.301
SA_077,1,Staphylococcus aureus,1,0.1,3,10^-3,201,Contável,2010000.0,6.3032
SA_077,2,Staphylococcus aureus,1,0.1,3,10^-3,222,Contável,2220000.0,6.3464
SA_077,3,Staphylococcus aureus,1,0.1,4,10^-4,27,Abaixo da faixa contável,2700000.0,6.4314
SA_078,1,Staphylococcus aureus,1,0.1,0,10^-0,40,Contável,400.0,2.6021
SA_078,2,Staphylococcus aureus,1,0.1,0,10^-0,34,Contável,340.0,2.5315
SA_078,3,Staphylococcus aureus,1,0.1,0,10^-0,38,Contável,380.0,2.5798
SA_079,1,Staphylococcus aureus,0,0.1,0,10^-0,0,Sem crescimento,0.0,
SA_079,2,Staphylococcus aureus,0,0.1,0,10^-0,0,Sem crescimento,0.0,
SA_079,3,Staphylococcus aureus,0,0.1,0,10^-0,0,Sem crescimento,0.0,
SA_080,1,Staphylococcus aureus,1,0.1,0,10^-0,63,Contável,630.0,2.7993
SA_080,2,Staphylococcus aureus,1,0.1,0,10^-0,88,Contável,880.0,2.9445
SA_080,3,Staphylococcus aureus,1,0.1,0,10^-0,62,Contável,620.0,2.7924
SA_081,1,Staphylococcus aureus,1,0.1,2,10^-2,319,Acima da faixa contável,319000.0,5.5038
SA_081,2,Staphylococcus aureus,1,0.1,2,10^-2,297,Contável,297000.0,5.4728
SA_081,3,Staphylococcus aureus,1,0.1,2,10^-2,312,Acima da faixa contável,312000.0,5.4942
SA_082,1,Staphylococcus aureus,1,0.1,2,10^-2,161,Contável,161000.0,5.2068
SA_082,2,Staphylococcus aureus,1,0.1,2,10^-2,155,Contável,155000.0,5.1903
SA_082,3,Staphylococcus aureus,1,0.1,2,10^-2,163,Contável,163000.0,5.2122
SA_083,1,Staphylococcus aureus,1,0.1,0,10^-0,75,Contável,750.0,2.8751
SA_083,2,Staphylococcus aureus,1,0.1,0,10^-0,71,Contável,710.0,2.8513
SA_083,3,Staphylococcus aureus,1,0.1,0,10^-0,94,Contável,940.0,2.9731
SA_084,1,Staphylococcus aureus,1,0.1,0,10^-0,37,Contável,370.0,2.5682
SA_084,2,Staphylococcus aureus,1,0.1,0,10^-0,19,Abaixo da faixa contável,190.0,2.2788
SA_084,3,Staphylococcus aureus,1,0.1,0,10^-0,30,Contável,300.0,2.4771
SA_085,1,Staphylococcus aureus,1,0.1,3,10^-3,128,Contável,1280000.0,6.1072
SA_085,2,Staphylococcus aureus,1,0.1,3,10^-3,142,Contável,1420000.0,6.1523
SA_085,3,Staphylococcus aureus,1,0.1,3,10^-3,143,Contável,1430000.0,6.1553
SA_086,1,Staphylococcus aureus,1,0.1,2,10^-2,41,Contável,41000.0,4.6128
SA_086,2,Staphylococcus aureus,1,0.1,2,10^-2,44,Contável,44000.0,4.6435
SA_086,3,Staphylococcus aureus,1,0.1,1,10^-1,525,Acima da faixa contável,52500.0,4.7202
SA_087,1,Staphylococcus aureus,1,0.1,3,10^-3,45,Contável,450000.0,5.6532
SA_087,2,Staphylococcus aureus,1,0.1,3,10^-3,60,Contável,600000.0,5.7782
SA_087,3,Staphylococcus aureus,1,0.1,3,10^-3,49,Contável,490000.0,5.6902
SA_088,1,Staphylococcus aureus,1,0.1,1,10^-1,77,Contável,7700.0,3.8865
SA_088,2,Staphylococcus aureus,1,0.1,1,10^-1,77,Contável,7700.0,3.8865
SA_088,3,Staphylococcus aureus,1,0.1,1,10^-1,88,Contável,8800.0,3.9445
SA_089,1,Staphylococcus aureus,1,0.1,0,10^-0,35,Contável,350.0,2.5441
SA_089,2,Staphylococcus aureus,1,0.1,0,10^-0,46,Contável,460.0,2.6628
SA_089,3,Staphylococcus aureus,1,0.1,0,10^-0,56,Contável,560.0,2.7482
SA_090,1,Staphylococcus aureus,1,0.1,2,10^-2,106,Contável,106000.0,5.0253
SA_090,2,Staphylococcus aureus,1,0.1,2,10^-2,118,Contável,118000.0,5.0719
SA_090,3,Staphylococcus aureus,1,0.1,2,10^-2,114,Contável,114000.0,5.0569
SA_091,1,Staphylococcus aureus,1,0.1,1,10^-1,89,Contável,8900.0,3.9494
SA_091,2,Staphylococcus aureus,1,0.1,1,10^-1,115,Contável,11500.0,4.0607
SA_091,3,Staphylococcus aureus,1,0.1,1,10^-1,111,Contável,11100.0,4.0453
SA_092,1,Staphylococcus aureus,0,0.1,0,10^-0,0,Sem crescimento,0.0,
SA_092,2,Staphylococcus aureus,0,0.1,0,10^-0,0,Sem crescimento,0.0,
SA_092,3,Staphylococcus aureus,0,0.1,0,10^-0,0,Sem crescimento,0.0,
SA_093,1,Staphylococcus aureus,1,0.1,3,10^-3,37,Contável,370000.0,5.5682
SA_093,2,Staphylococcus aureus,1,0.1,3,10^-3,42,Contável,420000.0,5.6232
SA_093,3,Staphylococcus aureus,1,0.1,2,10^-2,522,Acima da faixa contável,522000.0,5.7177
SA_094,1,Staphylococcus aureus,1,0.1,4,10^-4,145,Contável,14500000.0,7.1614
SA_094,2,Staphylococcus aureus,1,0.1,4,10^-4,147,Contável,14700000.0,7.1673
SA_094,3,Staphylococcus aureus,1,0.1,4,10^-4,143,Contável,14300000.0,7.1553
SA_095,1,Staphylococcus aureus,1,0.1,4,10^-4,76,Contável,7600000.0,6.8808
SA_095,2,Staphylococcus aureus,1,0.1,4,10^-4,69,Contável,6900000.0,6.8388
SA_095,3,Staphylococcus aureus,1,0.1,4,10^-4,61,Contável,6100000.0,6.7853
SA_096,1,Staphylococcus aureus,1,0.1,0,10^-0,47,Contável,470.0,2.6721
SA_096,2,Staphylococcus aureus,1,0.1,0,10^-0,28,Abaixo da faixa contável,280.0,2.4472
SA_096,3,Staphylococcus aureus,1,0.1,0,10^-0,45,Contável,450.0,2.6532
SA_097,1,Staphylococcus aureus,1,0.1,0,10^-0,45,Contável,450.0,2.6532
SA_097,2,Staphylococcus aureus,1,0.1,0,10^-0,55,Contável,550.0,2.7404
SA_097,3,Staphylococcus aureus,1,0.1,0,10^-0,44,Contável,440.0,2.6435
SA_098,1,Staphylococcus aureus,0,0.1,0,10^-0,1,Colônias ocasionais,10.0,1.0
SA_098,2,Staphylococcus aureus,0,0.1,0,10^-0,0,Sem crescimento,0.0,
SA_098,3,Staphylococcus aureus,0,0.1,0,10^-0,0,Sem crescimento,0.0,
SA_099,1,Staphylococcus aureus,1,0.1,3,10^-3,133,Contável,1330000.0,6.1239
SA_099,2,Staphylococcus aureus,1,0.1,3,10^-3,147,Contável,1470000.0,6.1673
SA_099,3,Staphylococcus aureus,1,0.1,3,10^-3,114,Contável,1140000.0,6.0569
SA_100,1,Staphylococcus aureus,1,0.1,2,10^-2,19,Abaixo da faixa contável,19000.0,4.2788
SA_100,2,Staphylococcus aureus,1,0.1,1,10^-1,227,Contável,22700.0,4.356
SA_100,3,Staphylococcus aureus,1,0.1,1,10^-1,284,Contável,28400.0,4.4533
