feature_set,model,seed,balanced_accuracy,sensitivity,specificity,roc_auc,balanced_accuracy_opt_threshold,threshold_used
stage_diff_summary,baseline_log_reg,0,0.762828535669587,0.7021276595744681,0.8235294117647058,0.8419899874843554,0.7812891113892365,0.36652302949118953
stage_diff_summary,lda,0,0.6996245306633292,0.8404255319148937,0.5588235294117647,0.831351689612015,0.7828535669586983,0.7804494617304402
stage_diff_summary,random_forest,0,0.7024405506883604,0.7872340425531915,0.6176470588235294,0.7764392991239049,0.7399874843554444,0.58
stage_diff_summary,svm_rbf,0,0.6974342928660826,0.6595744680851063,0.7352941176470589,0.7869211514392991,0.718397997496871,0.624151013721648
stage_diff_summary,gradient_boosting,0,0.6742803504380476,0.8191489361702128,0.5294117647058824,0.7512515644555695,0.7293491864831039,0.7937733021505811
stage_diff_summary,baseline_log_reg,1,0.7925925925925926,0.6851851851851852,0.9,0.8671296296296296,0.8305555555555556,0.31731239064994754
stage_diff_summary,lda,1,0.8101851851851851,0.8703703703703703,0.75,0.8643518518518518,0.8324074074074074,0.5573046892858304
stage_diff_summary,random_forest,1,0.6953703703703704,0.7407407407407407,0.65,0.7914351851851853,0.7462962962962962,0.4033333333333333
stage_diff_summary,svm_rbf,1,0.7740740740740741,0.6481481481481481,0.9,0.850925925925926,0.8064814814814815,0.6492047194421618
stage_diff_summary,gradient_boosting,1,0.6324074074074074,0.8148148148148148,0.45,0.7759259259259259,0.7527777777777778,0.9337048847437572
stage_diff_summary,baseline_log_reg,2,0.7953488372093023,0.8,0.7906976744186046,0.8623803009575923,0.8069767441860465,0.518784972764056
stage_diff_summary,lda,2,0.6972640218878249,0.9294117647058824,0.46511627906976744,0.8601915184678524,0.8013679890560876,0.7013973309555732
stage_diff_summary,random_forest,2,0.7377564979480165,0.8941176470588236,0.5813953488372093,0.8258549931600546,0.7548563611491108,0.6066666666666667
stage_diff_summary,svm_rbf,2,0.7485636114911081,0.7529411764705882,0.7441860465116279,0.8393980848153215,0.76703146374829,0.6325162683624433
stage_diff_summary,gradient_boosting,2,0.6625170998632011,0.9529411764705882,0.37209302325581395,0.8366621067031463,0.7662106703146374,0.861921386670452
stage_diff_summary,baseline_log_reg,3,0.7739687848383501,0.7435897435897436,0.8043478260869565,0.8146599777034559,0.7937569676700111,0.5445804949490698
stage_diff_summary,lda,3,0.6073021181716833,0.9102564102564102,0.30434782608695654,0.8363991081382386,0.7976588628762542,0.7795795033419498
stage_diff_summary,random_forest,3,0.6839464882943144,0.8461538461538461,0.5217391304347826,0.7428929765886287,0.7240802675585284,0.6466666666666666
stage_diff_summary,svm_rbf,3,0.7196209587513935,0.7435897435897436,0.6956521739130435,0.7933389074693422,0.745819397993311,0.7712958588468645
stage_diff_summary,gradient_boosting,3,0.6137123745819398,0.9230769230769231,0.30434782608695654,0.7424749163879599,0.6970457079152732,0.9621127759093088
stage_diff_summary,baseline_log_reg,4,0.7723809523809524,0.7047619047619048,0.84,0.8685714285714285,0.8238095238095238,0.34796992047536657
stage_diff_summary,lda,4,0.7285714285714285,0.8571428571428571,0.6,0.8613333333333333,0.8104761904761905,0.6557099794363634
stage_diff_summary,random_forest,4,0.7095238095238094,0.819047619047619,0.6,0.8112380952380953,0.7571428571428571,0.6233333333333333
stage_diff_summary,svm_rbf,4,0.7571428571428571,0.7142857142857143,0.8,0.8419047619047619,0.7771428571428571,0.7100573702284234
stage_diff_summary,gradient_boosting,4,0.6342857142857143,0.8285714285714286,0.44,0.7927619047619048,0.7714285714285714,0.9386459967718687
stage_diff_summary,baseline_log_reg,5,0.8137376237623762,0.7524752475247525,0.875,0.8477722772277229,0.8137376237623762,0.5048278336076925
stage_diff_summary,lda,5,0.6538778877887789,0.8910891089108911,0.4166666666666667,0.8259075907590758,0.7978547854785478,0.734859618852174
stage_diff_summary,random_forest,5,0.7551567656765676,0.801980198019802,0.7083333333333334,0.8430280528052805,0.783003300330033,0.5866666666666667
stage_diff_summary,svm_rbf,5,0.7473184818481848,0.7029702970297029,0.7916666666666666,0.8415841584158416,0.7910478547854786,0.8211572286027988
stage_diff_summary,gradient_boosting,5,0.5556930693069306,0.8613861386138614,0.25,0.7883663366336634,0.7662953795379538,0.9284311066872507
stage_diff_summary,baseline_log_reg,6,0.8190934065934066,0.8131868131868132,0.825,0.8837912087912089,0.8331043956043955,0.5447962830143696
stage_diff_summary,lda,6,0.6850274725274725,0.945054945054945,0.425,0.878021978021978,0.8221153846153846,0.7720869051483022
stage_diff_summary,random_forest,6,0.710576923076923,0.8461538461538461,0.575,0.767032967032967,0.7490384615384615,0.44
stage_diff_summary,svm_rbf,6,0.7306318681318682,0.7362637362637363,0.725,0.8203296703296704,0.763598901098901,0.7112594843775849
stage_diff_summary,gradient_boosting,6,0.634065934065934,0.8681318681318682,0.4,0.7414835164835165,0.7181318681318681,0.8889282979313017
stage_diff_summary,baseline_log_reg,7,0.7145239539114615,0.7525773195876289,0.6764705882352942,0.8080654942389327,0.7513644633110976,0.43964050547100275
stage_diff_summary,lda,7,0.6646452395391146,0.9175257731958762,0.4117647058823529,0.8053365676167374,0.7418132201334142,0.6615848591346503
stage_diff_summary,random_forest,7,0.6616130988477865,0.7938144329896907,0.5294117647058824,0.7066403881140085,0.7189205579138872,0.63
stage_diff_summary,svm_rbf,7,0.6902668283808369,0.7628865979381443,0.6176470588235294,0.725591267434809,0.704972710733778,0.744771140122561
stage_diff_summary,gradient_boosting,7,0.6337174044875682,0.8556701030927835,0.4117647058823529,0.6846573681018799,0.6660097028502123,0.7633845897895867
stage_diff_summary,baseline_log_reg,8,0.8185672514619884,0.8315789473684211,0.8055555555555556,0.8792397660818713,0.8324561403508772,0.5193267013058597
stage_diff_summary,lda,8,0.6714912280701755,0.9263157894736842,0.4166666666666667,0.8634502923976609,0.8061403508771929,0.7883278763556926
stage_diff_summary,random_forest,8,0.7390350877192983,0.8947368421052632,0.5833333333333334,0.8326023391812867,0.774561403508772,0.7266666666666667
stage_diff_summary,svm_rbf,8,0.7649122807017543,0.8631578947368421,0.6666666666666666,0.8698830409356726,0.7865497076023391,0.8290608001159867
stage_diff_summary,gradient_boosting,8,0.5986842105263157,0.9473684210526315,0.25,0.795906432748538,0.7606725146198831,0.9497078099969585
stage_diff_summary,baseline_log_reg,9,0.8430735930735931,0.8452380952380952,0.8409090909090909,0.9120670995670995,0.8712121212121212,0.5248199954525766
stage_diff_summary,lda,9,0.6985930735930737,0.9880952380952381,0.4090909090909091,0.908008658008658,0.8706709956709957,0.818638975966843
stage_diff_summary,random_forest,9,0.7591991341991342,0.9047619047619048,0.6136363636363636,0.8639069264069265,0.8095238095238095,0.5733333333333334
stage_diff_summary,svm_rbf,9,0.7375541125541125,0.7023809523809523,0.7727272727272727,0.8219696969696969,0.7489177489177489,0.764555754764909
stage_diff_summary,gradient_boosting,9,0.6807359307359307,0.9523809523809523,0.4090909090909091,0.8336038961038961,0.7586580086580086,0.9518530363781914
stage_diff_full_curve,baseline_log_reg,0,0.9439924906132666,0.9468085106382979,0.9411764705882353,0.9765331664580726,0.9493116395494368,0.4642538180427305
stage_diff_full_curve,lda,0,0.8266583229036295,0.8297872340425532,0.8235294117647058,0.8933041301627034,0.8385481852315394,0.3377772454985117
stage_diff_full_curve,random_forest,0,0.9399249061326658,0.9680851063829787,0.9117647058823529,0.9867021276595745,0.9521276595744681,0.7266666666666667
stage_diff_full_curve,svm_rbf,0,0.9133291614518148,0.9148936170212766,0.9117647058823529,0.9727784730913642,0.937421777221527,0.8077473662600114
stage_diff_full_curve,gradient_boosting,0,0.9051939924906133,0.9574468085106383,0.8529411764705882,0.9787234042553192,0.9439924906132666,0.8689767006875515
stage_diff_full_curve,baseline_log_reg,1,0.9287037037037037,0.9074074074074074,0.95,0.9638888888888888,0.9333333333333333,0.48327338208657616
stage_diff_full_curve,lda,1,0.8694444444444445,0.8888888888888888,0.85,0.9444444444444445,0.9009259259259259,0.8513023234419886
stage_diff_full_curve,random_forest,1,0.8537037037037037,0.9074074074074074,0.8,0.9497685185185185,0.8851851851851852,0.7466666666666667
stage_diff_full_curve,svm_rbf,1,0.8944444444444444,0.8888888888888888,0.9,0.9666666666666667,0.9259259259259259,0.7923969199024049
stage_diff_full_curve,gradient_boosting,1,0.8333333333333333,0.9166666666666666,0.75,0.9407407407407408,0.8824074074074073,0.998193551065328
stage_diff_full_curve,baseline_log_reg,2,0.9592339261285909,0.9882352941176471,0.9302325581395349,0.9822161422708618,0.9592339261285909,0.6047483358348561
stage_diff_full_curve,lda,2,0.8600547195622434,0.9294117647058824,0.7906976744186046,0.9335157318741449,0.8659370725034199,0.46307698483939264
stage_diff_full_curve,random_forest,2,0.9415868673050616,0.9529411764705882,0.9302325581395349,0.9792065663474693,0.9648426812585499,0.6633333333333333
stage_diff_full_curve,svm_rbf,2,0.9415868673050616,0.9529411764705882,0.9302325581395349,0.9644322845417236,0.9415868673050616,0.7217511254328433
stage_diff_full_curve,gradient_boosting,2,0.8952120383036936,0.9764705882352941,0.813953488372093,0.9772913816689467,0.953077975376197,0.980057776842822
stage_diff_full_curve,baseline_log_reg,3,0.9289297658862876,0.9230769230769231,0.9347826086956522,0.9838350055741361,0.9442586399108138,0.6663461804823148
stage_diff_full_curve,lda,3,0.8380713489409142,0.8717948717948718,0.8043478260869565,0.9280936454849498,0.870680044593088,0.8070069199246361
stage_diff_full_curve,random_forest,3,0.8963210702341138,0.9230769230769231,0.8695652173913043,0.9650222965440357,0.907190635451505,0.5666666666666667
stage_diff_full_curve,svm_rbf,3,0.9096989966555185,0.8846153846153846,0.9347826086956522,0.9662764771460424,0.9205685618729097,0.7692063511541094
stage_diff_full_curve,gradient_boosting,3,0.8330546265328873,0.9487179487179487,0.717391304347826,0.93561872909699,0.9027313266443702,0.9828399314974484
stage_diff_full_curve,baseline_log_reg,4,0.9361904761904762,0.9523809523809523,0.92,0.9874285714285714,0.9504761904761905,0.14933732714169462
stage_diff_full_curve,lda,4,0.8333333333333334,0.8666666666666667,0.8,0.9150476190476191,0.8638095238095238,0.6698458875059998
stage_diff_full_curve,random_forest,4,0.9457142857142857,0.9714285714285714,0.92,0.9868571428571429,0.9571428571428571,0.6966666666666667
stage_diff_full_curve,svm_rbf,4,0.9666666666666667,0.9333333333333333,1.0,0.9885714285714285,0.9666666666666667,0.7285024647959575
stage_diff_full_curve,gradient_boosting,4,0.9361904761904762,0.9523809523809523,0.92,0.9801904761904762,0.9561904761904761,0.7460292229788028
stage_diff_full_curve,baseline_log_reg,5,0.9643151815181519,0.9702970297029703,0.9583333333333334,0.9900990099009901,0.9801980198019802,0.7810620665342297
stage_diff_full_curve,lda,5,0.8413778877887789,0.8910891089108911,0.7916666666666666,0.9323432343234322,0.8900577557755776,0.9391456449299537
stage_diff_full_curve,random_forest,5,0.9434818481848184,0.9702970297029703,0.9166666666666666,0.9785478547854785,0.9752475247524752,0.73
stage_diff_full_curve,svm_rbf,5,0.9127475247524752,0.9504950495049505,0.875,0.9818481848184819,0.9752475247524752,0.8204561775541771
stage_diff_full_curve,gradient_boosting,5,0.8760313531353134,0.9603960396039604,0.7916666666666666,0.9731848184818482,0.9247112211221122,0.9675405566137982
stage_diff_full_curve,baseline_log_reg,6,0.9155219780219781,0.9560439560439561,0.875,0.9835164835164835,0.9615384615384616,0.7890424535869737
stage_diff_full_curve,lda,6,0.879532967032967,0.9340659340659341,0.825,0.9494505494505495,0.9050824175824176,0.9685004045158601
stage_diff_full_curve,random_forest,6,0.9210164835164836,0.967032967032967,0.875,0.9789835164835164,0.940521978021978,0.7333333333333333
stage_diff_full_curve,svm_rbf,6,0.9100274725274725,0.945054945054945,0.875,0.985989010989011,0.9600274725274724,0.7555612252727611
stage_diff_full_curve,gradient_boosting,6,0.8835164835164835,0.967032967032967,0.8,0.9736263736263737,0.9350274725274725,0.9489532694532341
stage_diff_full_curve,baseline_log_reg,7,0.9241964827167981,0.9072164948453608,0.9411764705882353,0.959066100667071,0.9337477258944815,0.7895820650463786
stage_diff_full_curve,lda,7,0.7954821103699212,0.8556701030927835,0.7352941176470589,0.889630078835658,0.8306549423893268,0.9903045959587925
stage_diff_full_curve,random_forest,7,0.8859915100060642,0.9484536082474226,0.8235294117647058,0.9602789569436022,0.9102486355366889,0.64
stage_diff_full_curve,svm_rbf,7,0.8256519102486355,0.8865979381443299,0.7647058823529411,0.9417828987265008,0.8793208004851425,0.7874589767562634
stage_diff_full_curve,gradient_boosting,7,0.8712856276531231,0.9484536082474226,0.7941176470588235,0.954214675560946,0.9249545178896301,0.7997542154188398
stage_diff_full_curve,baseline_log_reg,8,0.9478070175438597,0.9789473684210527,0.9166666666666666,0.9970760233918128,0.9842105263157894,0.7220528330712773
stage_diff_full_curve,lda,8,0.8554093567251462,0.9052631578947369,0.8055555555555556,0.9339181286549708,0.8793859649122806,0.9359970858810707
stage_diff_full_curve,random_forest,8,0.923391812865497,0.9578947368421052,0.8888888888888888,0.9817251461988303,0.9578947368421052,0.7533333333333333
stage_diff_full_curve,svm_rbf,8,0.9320175438596491,0.9473684210526315,0.9166666666666666,0.9894736842105263,0.9736842105263157,0.8230216481727577
stage_diff_full_curve,gradient_boosting,8,0.8956140350877193,0.9578947368421052,0.8333333333333334,0.9845029239766082,0.9578947368421052,0.9914389796198809
stage_diff_full_curve,baseline_log_reg,9,0.925865800865801,0.9880952380952381,0.8636363636363636,0.9962121212121212,0.9821428571428572,0.8950694621021128
stage_diff_full_curve,lda,9,0.8057359307359306,0.9523809523809523,0.6590909090909091,0.9507575757575758,0.9123376623376623,0.9794153947665307
stage_diff_full_curve,random_forest,9,0.9707792207792207,0.9642857142857143,0.9772727272727273,0.9948593073593074,0.9767316017316017,0.47333333333333333
stage_diff_full_curve,svm_rbf,9,0.9648268398268398,0.9523809523809523,0.9772727272727273,0.9921536796536797,0.9648268398268398,0.7213112314012894
stage_diff_full_curve,gradient_boosting,9,0.9204545454545454,1.0,0.8409090909090909,0.9783549783549784,0.9772727272727273,0.9756437179376477
